username,ip,date,time,Timestamp
Alice,192.168.0.1,15-07-2022,09:10:23,15-07-2022 09:10
Bob,10.0.0.1,28-03-2022,18:05:37,28-03-2022 18:05
Charlie,172.16.0.1,05-11-2022,21:47:58,05-11-2022 21:47
David,192.168.1.1,10-08-2022,06:30:12,10-08-2022 06:30
Eve,10.1.1.1,20-06-2022,14:55:43,20-06-2022 14:55
Frank,192.168.0.2,17-05-2022,12:20:35,17-05-2022 12:20
Grace,10.0.0.2,30-09-2022,07:40:09,30-09-2022 07:40
Harry,172.16.0.2,02-12-2022,19:25:56,02-12-2022 19:25
Isabel,192.168.1.2,03-04-2022,23:18:21,03-04-2022 23:18
Jack,10.1.1.2,12-10-2022,16:08:47,12-10-2022 16:08
Kelly,192.168.0.3,25-02-2022,08:45:02,25-02-2022 08:45
Liam,10.0.0.3,29-07-2022,17:30:10,29-07-2022 17:30
Mia,172.16.0.3,18-11-2022,05:55:27,18-11-2022 05:55
Noah,192.168.1.3,11-03-2022,10:12:38,11-03-2022 10:12
Olivia,10.1.1.3,01-09-2022,13:37:59,01-09-2022 13:37
Parker,192.168.0.4,05-06-2022,20:03:42,05-06-2022 20:03
Quinn,10.0.0.4,24-12-2022,04:50:18,24-12-2022 04:50
Ryan,172.16.0.4,08-08-2022,22:11:34,08-08-2022 22:11
Sophia,192.168.1.4,19-01-2022,11:28:50,19-01-2022 11:28
Thomas,10.1.1.4,14-05-2022,15:22:05,14-05-2022 15:22
Uma,192.168.0.5,09-10-2022,07:09:16,09-10-2022 07:09
Victor,10.0.0.5,07-03-2022,19:48:29,07-03-2022 19:48
Wendy,172.16.0.5,29-11-2022,08:35:47,29-11-2022 08:35
Xander,192.168.1.5,26-06-2022,16:58:51,26-06-2022 16:58
Yara,10.1.1.5,14-02-2022,14:30:07,14-02-2022 14:30
Zoe,192.168.0.6,18-09-2022,23:40:11,18-09-2022 23:40
Adam,10.0.0.6,22-04-2022,12:15:59,22-04-2022 12:15
Benjamin,172.16.0.6,07-12-2022,06:26:45,07-12-2022 06:26
Cathy,192.168.1.6,04-08-2022,18:50:23,04-08-2022 18:50
Daniel,10.1.1.6,28-01-2022,08:37:19,28-01-2022 08:37
...,,,,
